{
  "meta": {
    "savedAt": "2026-06-26T12:56:20.613Z",
    "gitSha": "9a741ac576b9b0336b96e4b121e826969ecfc036",
    "node": "v24.11.1",
    "platform": "darwin/arm64"
  },
  "results": {
    "hooks/key-derivation/n=10": [
      {
        "name": "key derivation (10)",
        "opsPerSec": 9102033552.308687,
        "mean": 0.00012776233369654266,
        "stddev": 0.002638525657641091,
        "min": 0.00004099999978279811,
        "max": 6.915790999999899,
        "samples": 7827033
      }
    ],
    "hooks/full-iteration-selector/n=10": [
      {
        "name": "full iteration + selector (10)",
        "opsPerSec": 2535300828.319926,
        "mean": 0.0006300311846347321,
        "stddev": 0.008285664941017352,
        "min": 0.000249999999141437,
        "max": 3.906082999999853,
        "samples": 1587224
      }
    ],
    "hooks/single-id-get-selector/n=10": [
      {
        "name": "single-ID get + selector (10)",
        "opsPerSec": 9001583723.37333,
        "mean": 0.00018175384538777985,
        "stddev": 0.006982715983930184,
        "min": 0,
        "max": 9.703125,
        "samples": 5501981
      }
    ],
    "hooks/shallow-map-comparison/n=10": [
      {
        "name": "shallow Map equal (10)",
        "opsPerSec": 5260348561.022442,
        "mean": 0.00026741772974151634,
        "stddev": 0.018586417085768542,
        "min": 0.0001249999986612238,
        "max": 35.464584000001196,
        "samples": 3739468
      },
      {
        "name": "shallow Map unequal (10)",
        "opsPerSec": 1658734644.1832,
        "mean": 0.0007927398140844134,
        "stddev": 0.07175949929966026,
        "min": 0.000499999998282874,
        "max": 65.3604579999992,
        "samples": 1261448
      }
    ],
    "hooks/key-derivation/n=100": [
      {
        "name": "key derivation (100)",
        "opsPerSec": 1774311969.0672424,
        "mean": 0.0006912953496554602,
        "stddev": 0.0042805118715596654,
        "min": 0.00041599999894970097,
        "max": 3.0222079999985,
        "samples": 1446560
      }
    ],
    "hooks/full-iteration-selector/n=100": [
      {
        "name": "full iteration + selector (100)",
        "opsPerSec": 507671227.5095935,
        "mean": 0.002142448513894801,
        "stddev": 0.0036657148157697955,
        "min": 0.0017499999994470272,
        "max": 0.9238330000007409,
        "samples": 466757
      }
    ],
    "hooks/single-id-get-selector/n=100": [
      {
        "name": "single-ID get + selector (100)",
        "opsPerSec": 9785151296.529823,
        "mean": 0.00011706911128019761,
        "stddev": 0.0005970687730137746,
        "min": 0.00004099999932805076,
        "max": 0.7452919999996084,
        "samples": 8541963
      }
    ],
    "hooks/shallow-map-comparison/n=100": [
      {
        "name": "shallow Map equal (100)",
        "opsPerSec": 619759976.4328091,
        "mean": 0.0017797496249183477,
        "stddev": 0.004928262145344146,
        "min": 0.0014159999991534278,
        "max": 1.6197920000049635,
        "samples": 561877
      },
      {
        "name": "shallow Map unequal (100)",
        "opsPerSec": 214259776.51406443,
        "mean": 0.004807214665830148,
        "stddev": 0.008679019293239498,
        "min": 0.004249999998137355,
        "max": 3.7966250000026776,
        "samples": 208021
      }
    ],
    "hooks/key-derivation/n=1000": [
      {
        "name": "key derivation (1000)",
        "opsPerSec": 158246163.84223586,
        "mean": 0.007386272042366138,
        "stddev": 0.012492956118353328,
        "min": 0.00458299999445444,
        "max": 0.7620830000014394,
        "samples": 135387
      }
    ],
    "hooks/full-iteration-selector/n=1000": [
      {
        "name": "full iteration + selector (1000)",
        "opsPerSec": 53454084.79351535,
        "mean": 0.02129658160833463,
        "stddev": 0.038570989492294296,
        "min": 0.01641599999857135,
        "max": 7.478792000001704,
        "samples": 46956
      }
    ],
    "hooks/single-id-get-selector/n=1000": [
      {
        "name": "single-ID get + selector (1000)",
        "opsPerSec": 9166420604.692993,
        "mean": 0.0001251065802928049,
        "stddev": 0.0007809810394888233,
        "min": 0.00004099999932805076,
        "max": 1.1806250000008731,
        "samples": 7993185
      }
    ],
    "hooks/shallow-map-comparison/n=1000": [
      {
        "name": "shallow Map equal (1000)",
        "opsPerSec": 45520810.90012255,
        "mean": 0.02337060094885724,
        "stddev": 0.01735478693567373,
        "min": 0.019332999996549916,
        "max": 2.1166249999951106,
        "samples": 42789
      },
      {
        "name": "shallow Map unequal (1000)",
        "opsPerSec": 19032585.013689395,
        "mean": 0.05319225739362969,
        "stddev": 0.01233989935991809,
        "min": 0.04958299999998417,
        "max": 0.5364170000029844,
        "samples": 18800
      }
    ],
    "container/set-existing/n=10": [
      {
        "name": "container/set-existing/n=10",
        "opsPerSec": 9592454913.876112,
        "mean": 0.00016832206860405515,
        "stddev": 0.02144274469249424,
        "min": 0.00004099999978279811,
        "max": 16.599791000000096,
        "samples": 5940992
      }
    ],
    "container/set-insert/n=10": [
      {
        "name": "container/set-insert/n=10",
        "opsPerSec": 1870925041.0296748,
        "mean": 0.0021810410745922845,
        "stddev": 0.1436830191870582,
        "min": 0.00008299999990413198,
        "max": 60.109167000000525,
        "samples": 479810
      }
    ],
    "container/delete/n=10": [
      {
        "name": "container/delete/n=10",
        "opsPerSec": 5004339519.769123,
        "mean": 0.0003761938737584461,
        "stddev": 0.03202565772999689,
        "min": 0.00008299999899463728,
        "max": 34.68854199999987,
        "samples": 2658204
      }
    ],
    "container/set-existing/n=100": [
      {
        "name": "container/set-existing/n=100",
        "opsPerSec": 7253824663.55854,
        "mean": 0.00028278877246390113,
        "stddev": 0.03293144498715692,
        "min": 0.00004099999932805076,
        "max": 23.537250000001222,
        "samples": 3536769
      }
    ],
    "container/set-insert/n=100": [
      {
        "name": "container/set-insert/n=100",
        "opsPerSec": 2185360546.4693413,
        "mean": 0.000867978722371453,
        "stddev": 0.05464836489957179,
        "min": 0.00008299999899463728,
        "max": 48.484958000000915,
        "samples": 1152102
      }
    ],
    "container/delete/n=100": [
      {
        "name": "container/delete/n=100",
        "opsPerSec": 4489749482.126936,
        "mean": 0.0006207028242609257,
        "stddev": 0.056656323590607384,
        "min": 0.00008299999899463728,
        "max": 44.992583999999624,
        "samples": 1611077
      }
    ],
    "container/set-existing/n=1000": [
      {
        "name": "container/set-existing/n=1000",
        "opsPerSec": 6664601294.396632,
        "mean": 0.0002293271080192436,
        "stddev": 0.018391597064712235,
        "min": 0.00004099999932805076,
        "max": 14.313709000001836,
        "samples": 4360584
      }
    ],
    "container/set-insert/n=1000": [
      {
        "name": "container/set-insert/n=1000",
        "opsPerSec": 2179882528.2149706,
        "mean": 0.0007241478586251268,
        "stddev": 0.04747592625527253,
        "min": 0.00008399999933317304,
        "max": 52.340125000002445,
        "samples": 1380934
      }
    ],
    "container/delete/n=1000": [
      {
        "name": "container/delete/n=1000",
        "opsPerSec": 5023721533.135179,
        "mean": 0.0003402160279832834,
        "stddev": 0.03183056589487867,
        "min": 0.00008299999899463728,
        "max": 17.620999999999185,
        "samples": 2939309
      }
    ],
    "container/set-existing/n=10000": [
      {
        "name": "container/set-existing/n=10000",
        "opsPerSec": 4854997578.069838,