{
  "meta": {
    "savedAt": "2026-04-22T18:01:56.652Z",
    "gitSha": "dc28bc42b479cdb55c1c2b9b228ed511e85d8d65",
    "node": "v24.11.1",
    "platform": "darwin/arm64"
  },
  "results": {
    "controlled/position-change/n=10": [
      {
        "name": "controlled/position-change/n=10",
        "opsPerSec": 178301573.179218,
        "mean": 0.00601144040877678,
        "stddev": 0.004821005090399772,
        "min": 0.005041000000346685,
        "max": 0.4000410000001011,
        "samples": 166350
      }
    ],
    "controlled/updateGraph/n=10": [
      {
        "name": "controlled/updateGraph/n=10",
        "opsPerSec": 9213657.83172701,
        "mean": 0.19835315985719643,
        "stddev": 0.7513394756189962,
        "min": 0.07229099999995015,
        "max": 39.28658299999961,
        "samples": 5042
      }
    ],
    "graph-view/position-change/n=10": [
      {
        "name": "baseline (10)",
        "opsPerSec": 173265955.30031252,
        "mean": 0.007542298183820642,
        "stddev": 0.024773534707285483,
        "min": 0.004917000000205007,
        "max": 4.27566700000034,
        "samples": 132586
      },
      {
        "name": "graphView (10)",
        "opsPerSec": 152769631.16702738,
        "mean": 0.009803770810662768,
        "stddev": 0.027971829717596326,
        "min": 0.00520799999958399,
        "max": 6.155166999999892,
        "samples": 102003
      },
      {
        "name": "GraphStore (10)",
        "opsPerSec": 126393117.82688852,
        "mean": 0.017854607091842264,
        "stddev": 0.13238617993313184,
        "min": 0.005250000000160071,
        "max": 17.414708000000246,
        "samples": 56008
      }
    ],
    "controlled/position-change/n=100": [
      {
        "name": "controlled/position-change/n=100",
        "opsPerSec": 140668848.2736557,
        "mean": 0.01126356410083109,
        "stddev": 0.03802906847942065,
        "min": 0.005249999999250576,
        "max": 5.3099160000001575,
        "samples": 88782
      }
    ],
    "hooks/key-derivation/n=10": [
      {
        "name": "key derivation (10)",
        "opsPerSec": 8770021355.281546,
        "mean": 0.00015204638659507052,
        "stddev": 0.018719604678351286,
        "min": 0.00004099999932805076,
        "max": 47.66254099999969,
        "samples": 6636400
      }
    ],
    "controlled/updateGraph/n=100": [
      {
        "name": "controlled/updateGraph/n=100",
        "opsPerSec": 688219.3761904014,
        "mean": 2.390143873508362,
        "stddev": 4.016513891897096,
        "min": 0.6832500000000437,
        "max": 63.152250000000095,
        "samples": 419
      }
    ],
    "hooks/full-iteration-selector/n=10": [
      {
        "name": "full iteration + selector (10)",
        "opsPerSec": 2241145000.532522,
        "mean": 0.0012094111030371876,
        "stddev": 0.08809543813405156,
        "min": 0.000249999999141437,
        "max": 53.56629199999952,
        "samples": 829899
      }
    ],
    "controlled/position-change/n=1000": [
      {
        "name": "controlled/position-change/n=1000",
        "opsPerSec": 113070312.76062511,
        "mean": 0.020907697999204944,
        "stddev": 0.33106379367165406,
        "min": 0.005540999998629559,
        "max": 49.16233300000022,
        "samples": 47831
      }
    ],
    "graph-view/data-change/n=10": [
      {
        "name": "baseline (10)",
        "opsPerSec": 60278027.744386874,
        "mean": 0.01705495848825648,
        "stddev": 0.009058340276731419,
        "min": 0.015583000000333413,
        "max": 0.6932089999991149,
        "samples": 58634
      },
      {
        "name": "graphView (10)",
        "opsPerSec": 58694528.72144602,
        "mean": 0.017274611618787832,
        "stddev": 0.00863164691330509,
        "min": 0.015874999999141437,
        "max": 0.9013340000001335,
        "samples": 57889
      },
      {
        "name": "GraphStore (10)",
        "opsPerSec": 56505542.58548726,
        "mean": 0.017983415181539116,
        "stddev": 0.0073990719682135745,
        "min": 0.01674999999886495,
        "max": 0.6766249999982392,
        "samples": 55607
      }
    ],
    "controlled/updateGraph/n=1000": [
      {
        "name": "controlled/updateGraph/n=1000",
        "opsPerSec": 34147.64234056148,
        "mean": 42.092044296874825,
        "stddev": 34.98675549583566,
        "min": 11.079625000000306,
        "max": 185.339750000001,
        "samples": 64
      }
    ],
    "controlled/position-change/n=10000": [
      {
        "name": "controlled/position-change/n=10000",
        "opsPerSec": 99100995.28729372,
        "mean": 0.025522788570987418,
        "stddev": 0.25022985785203494,
        "min": 0.005541999998968095,
        "max": 21.680082999999286,
        "samples": 39181
      }
    ],
    "graph-view/batch-position-change/n=10": [
      {
        "name": "baseline (10)",
        "opsPerSec": 32335781.381623175,
        "mean": 0.031237786867839994,
        "stddev": 0.016086585911944364,
        "min": 0.02954200000021956,
        "max": 2.690667000000758,
        "samples": 32013
      },
      {
        "name": "graphView (10)",
        "opsPerSec": 31742222.277709816,
        "mean": 0.03187050621455115,
        "stddev": 0.007353735799665418,
        "min": 0.03033299999879091,
        "max": 0.3958330000004935,
        "samples": 31378
      },
      {
        "name": "GraphStore (10)",
        "opsPerSec": 31808678.400576923,
        "mean": 0.031664662676923805,
        "stddev": 0.0061510827816940025,
        "min": 0.029875000000174623,
        "max": 0.3468329999996058,
        "samples": 31581
      }
    ],
    "hooks/single-id-get-selector/n=10": [
      {
        "name": "single-ID get + selector (10)",
        "opsPerSec": 8927189091.098011,
        "mean": 0.00031624094562818044,
        "stddev": 0.042979406178296015,
        "min": 0,
        "max": 56.188874999999825,
        "samples": 3241611
      }
    ],
    "graph-view/position-change/n=100": [
      {
        "name": "baseline (100)",
        "opsPerSec": 114135432.39243568,
        "mean": 0.019892758305149062,
        "stddev": 0.12927709494884465,
        "min": 0.005207999998674495,
        "max": 12.330541999999696,
        "samples": 50270
      },
      {
        "name": "graphView (100)",
        "opsPerSec": 111892568.38912958,
        "mean": 0.021768962013187978,
        "stddev": 0.2620674137389621,
        "min": 0.005583000000115135,
        "max": 41.061499999999796,
        "samples": 45937
      },
      {
        "name": "GraphStore (100)",
        "opsPerSec": 93328396.3811665,
        "mean": 0.026329006687543007,
        "stddev": 0.13771158913695816,
        "min": 0.005708000000595348,
        "max": 15.380000000001019,
        "samples": 37981
      }
    ],
    "hooks/shallow-map-comparison/n=10": [
      {
        "name": "shallow Map equal (10)",
        "opsPerSec": 3743394397.195961,
        "mean": 0.0011126154030166805,
        "stddev": 0.08324687906291175,
        "min": 0.00008299999899463728,
        "max": 54.02716700000019,
        "samples": 898811
      },
      {
        "name": "shallow Map unequal (10)",
        "opsPerSec": 1314204364.5192378,
        "mean": 0.001514964013576793,
        "stddev": 0.034782454098751484,
        "min": 0.000499999998282874,
        "max": 21.51324999999997,
        "samples": 660249
      }
    ],
    "graph-view/data-change/n=100": [
      {
        "name": "baseline (100)",
        "opsPerSec": 59352780.18399842,
        "mean": 0.01705542607404394,
        "stddev": 0.008474683180677326,
        "min": 0.015625,
        "max": 0.8117089999977907,
        "samples": 58633
      },
      {
        "name": "graphView (100)",
        "opsPerSec": 58030171.09735719,
        "mean": 0.017387440613423098,
        "stddev": 0.007361137136270728,
        "min": 0.016250000000582077,
        "max": 1.0536669999964943,