{
  "meta": {
    "savedAt": "2026-04-22T12:10:06.990Z",
    "gitSha": "46c3383ce378124553959de06e3e4d803a6b5805",
    "node": "v24.11.1",
    "platform": "darwin/arm64"
  },
  "results": {
    "controlled/position-change/n=10": [
      {
        "name": "controlled/position-change/n=10",
        "opsPerSec": 185727700.59703353,
        "mean": 0.0054416926379600135,
        "stddev": 0.002012361629062078,
        "min": 0.005083000000013271,
        "max": 0.18429199999991397,
        "samples": 183767
      }
    ],
    "controlled/updateGraph/n=10": [
      {
        "name": "controlled/updateGraph/n=10",
        "opsPerSec": 13305911.058459274,
        "mean": 0.07609644080048478,
        "stddev": 0.015025051953445051,
        "min": 0.07116700000005949,
        "max": 0.6319159999998192,
        "samples": 13142
      }
    ],
    "graph-view/position-change/n=10": [
      {
        "name": "baseline (10)",
        "opsPerSec": 189011320.81957406,
        "mean": 0.0053733735780720875,
        "stddev": 0.0048222721638746715,
        "min": 0.004915999999866472,
        "max": 1.8734159999999065,
        "samples": 186103
      },
      {
        "name": "graphView (10)",
        "opsPerSec": 175169184.93966326,
        "mean": 0.005813116419124723,
        "stddev": 0.0025070140480761244,
        "min": 0.005332999999609456,
        "max": 0.3501249999999345,
        "samples": 172025
      },
      {
        "name": "GraphStore (10)",
        "opsPerSec": 178100950.72279117,
        "mean": 0.005746243646101336,
        "stddev": 0.005793623052736092,
        "min": 0.005249999998341082,
        "max": 1.511624999999185,
        "samples": 174027
      }
    ],
    "controlled/position-change/n=100": [
      {
        "name": "controlled/position-change/n=100",
        "opsPerSec": 176309245.48608768,
        "mean": 0.005839794497748068,
        "stddev": 0.007721592765058865,
        "min": 0.005290999999488122,
        "max": 2.776875000000473,
        "samples": 171239
      }
    ],
    "hooks/key-derivation/n=10": [
      {
        "name": "key derivation (10)",
        "opsPerSec": 9126784864.516798,
        "mean": 0.00011764547489066481,
        "stddev": 0.0019979446548678793,
        "min": 0.00004099999978279811,
        "max": 5.734457999999904,
        "samples": 8500546
      }
    ],
    "controlled/updateGraph/n=100": [
      {
        "name": "controlled/updateGraph/n=100",
        "opsPerSec": 1514248.777998467,
        "mean": 0.6665804810126628,
        "stddev": 0.10206537175759602,
        "min": 0.6312079999997877,
        "max": 2.6696670000001177,
        "samples": 1501
      }
    ],
    "hooks/full-iteration-selector/n=10": [
      {
        "name": "full iteration + selector (10)",
        "opsPerSec": 2799155541.8477163,
        "mean": 0.00037182474641595436,
        "stddev": 0.0010989317531589927,
        "min": 0.00029099999937898247,
        "max": 0.4379580000004353,
        "samples": 2689440
      }
    ],
    "controlled/position-change/n=1000": [
      {
        "name": "controlled/position-change/n=1000",
        "opsPerSec": 167098866.3530554,
        "mean": 0.006080862293326586,
        "stddev": 0.0063747150736974114,
        "min": 0.00537499999973079,
        "max": 0.8971250000004147,
        "samples": 164451
      }
    ],
    "graph-view/data-change/n=10": [
      {
        "name": "baseline (10)",
        "opsPerSec": 60278027.744386874,
        "mean": 0.01705495848825648,
        "stddev": 0.009058340276731419,
        "min": 0.015583000000333413,
        "max": 0.6932089999991149,
        "samples": 58634
      },
      {
        "name": "graphView (10)",
        "opsPerSec": 58694528.72144602,
        "mean": 0.017274611618787832,
        "stddev": 0.00863164691330509,
        "min": 0.015874999999141437,
        "max": 0.9013340000001335,
        "samples": 57889
      },
      {
        "name": "GraphStore (10)",
        "opsPerSec": 56505542.58548726,
        "mean": 0.017983415181539116,
        "stddev": 0.0073990719682135745,
        "min": 0.01674999999886495,
        "max": 0.6766249999982392,
        "samples": 55607
      }
    ],
    "controlled/updateGraph/n=1000": [
      {
        "name": "controlled/updateGraph/n=1000",
        "opsPerSec": 149048.8998458511,
        "mean": 6.72374018120815,
        "stddev": 0.35627947498326773,
        "min": 6.4429589999999735,
        "max": 10.146291000000929,
        "samples": 149
      }
    ],
    "controlled/position-change/n=10000": [
      {
        "name": "controlled/position-change/n=10000",
        "opsPerSec": 162043521.1587622,
        "mean": 0.006459125371399091,
        "stddev": 0.02631618951688231,
        "min": 0.005499999999301508,
        "max": 3.22479199999907,
        "samples": 154820
      }
    ],
    "graph-view/batch-position-change/n=10": [
      {
        "name": "baseline (10)",
        "opsPerSec": 32335781.381623175,
        "mean": 0.031237786867839994,
        "stddev": 0.016086585911944364,
        "min": 0.02954200000021956,
        "max": 2.690667000000758,
        "samples": 32013
      },
      {
        "name": "graphView (10)",
        "opsPerSec": 31742222.277709816,
        "mean": 0.03187050621455115,
        "stddev": 0.007353735799665418,
        "min": 0.03033299999879091,
        "max": 0.3958330000004935,
        "samples": 31378
      },
      {
        "name": "GraphStore (10)",
        "opsPerSec": 31808678.400576923,
        "mean": 0.031664662676923805,
        "stddev": 0.0061510827816940025,
        "min": 0.029875000000174623,
        "max": 0.3468329999996058,
        "samples": 31581
      }
    ],
    "hooks/single-id-get-selector/n=10": [
      {
        "name": "single-ID get + selector (10)",
        "opsPerSec": 11711517231.44918,
        "mean": 0.00009012450239975332,
        "stddev": 0.00009063223024379358,
        "min": 0,
        "max": 0.07062500000029104,
        "samples": 11095762
      }
    ],
    "graph-view/position-change/n=100": [
      {
        "name": "baseline (100)",
        "opsPerSec": 184814906.55068696,
        "mean": 0.005453052616367991,
        "stddev": 0.0022838675571192793,
        "min": 0.005083000000013271,
        "max": 0.30429199999889534,
        "samples": 183384
      },
      {
        "name": "graphView (100)",
        "opsPerSec": 170914775.37741518,
        "mean": 0.00594047731039226,
        "stddev": 0.004101939668711189,
        "min": 0.005291000001307111,
        "max": 1.0527079999992566,
        "samples": 168337
      },
      {
        "name": "GraphStore (100)",
        "opsPerSec": 173793350.56307632,
        "mean": 0.005848138998215189,
        "stddev": 0.008103463340766724,
        "min": 0.0053749999970023055,
        "max": 2.270124999999098,
        "samples": 170995
      }
    ],
    "hooks/shallow-map-comparison/n=10": [
      {
        "name": "shallow Map equal (10)",
        "opsPerSec": 5956428030.940304,
        "mean": 0.00017443046417364152,
        "stddev": 0.0009962182801225576,
        "min": 0.00008299999899463728,
        "max": 0.33116700000027777,
        "samples": 5732944
      },
      {
        "name": "shallow Map unequal (10)",
        "opsPerSec": 1738214685.166939,
        "mean": 0.0006090639553579467,
        "stddev": 0.02125818162751787,
        "min": 0.000499999998282874,
        "max": 19.739957999998296,
        "samples": 1641864
      }
    ],
    "graph-view/data-change/n=100": [
      {
        "name": "baseline (100)",
        "opsPerSec": 59352780.18399842,
        "mean": 0.01705542607404394,
        "stddev": 0.008474683180677326,
        "min": 0.015625,
        "max": 0.8117089999977907,
        "samples": 58633
      },
      {
        "name": "graphView (100)",
        "opsPerSec": 58030171.09735719,
        "mean": 0.017387440613423098,
        "stddev": 0.007361137136270728,
        "min": 0.016250000000582077,
        "max": 1.0536669999964943,